,X,Y,Class
0,37.70537932163942,-27.48961322927711,0.0
1,39.98547751431197,-28.76878300586193,0.0
2,37.153046122968455,-29.90681103743532,0.0
3,36.32409559046962,-28.425436902858173,0.0
4,38.06820793527812,-26.800031507665548,0.0
5,37.207189287653094,-28.65323397758697,0.0
6,36.803544343935435,-27.97067064059117,0.0
7,39.58747791297438,-28.1889722946053,0.0
8,36.274837652879015,-27.201530236430322,0.0
9,37.82546151691024,-26.436311237752708,0.0
10,37.840523764674955,-26.90899303912449,0.0
11,37.44917290534059,-27.810437550427874,0.0
12,37.69443021033604,-28.137625655014507,0.0
13,37.569973023449016,-27.994116046108164,0.0
14,36.46386393540476,-27.573565676777527,0.0
15,39.36208562603296,-26.958177686579962,0.0
16,37.33221780718997,-27.511232635830975,0.0
17,37.2095917963972,-29.126456734824814,0.0
18,38.91828197180106,-29.462024102847515,0.0
19,38.57883994774981,-28.907090734987296,0.0
20,39.78605844514746,-26.95205795095794,0.0
21,37.974618414488134,-26.65433983536156,0.0
22,36.99568120543111,-27.356272707940217,0.0
23,37.39816949184425,-25.92563910923331,0.0
24,39.07342927675919,-26.847131072778385,0.0
25,38.12663277501935,-28.104798948022435,0.0
26,37.174739967986305,-28.968009972719305,0.0
27,38.43340397349541,-27.197033140108065,0.0
28,38.569524848264194,-27.473354902545548,0.0
29,38.60897836143549,-26.836784403034997,0.0
30,37.569398486115276,-29.79800424995154,0.0
31,36.01699145448985,-28.212103302210704,0.0
32,40.16377988928151,-27.788588382403404,0.0
33,38.60615271658533,-24.710038057883814,0.0
34,38.606371463316044,-26.87045139022087,0.0
35,37.13302661198536,-27.64948288980663,0.0
36,36.39677523879776,-26.90223981003286,0.0
37,37.78985421812052,-29.940728543042027,0.0
38,37.83484992559559,-27.399449443872435,0.0
39,37.890281149297344,-27.946163146118568,0.0
40,38.56931404867153,-27.123949599865956,0.0
41,35.67787932485925,-26.881021576264217,0.0
42,35.67102010648925,-27.99204628092611,0.0
43,38.7224811837167,-27.417204579929685,0.0
44,37.923801778936145,-30.170892460107183,0.0
45,37.63683056765952,-26.924459820811872,0.0
46,38.08758758892372,-27.755573438660388,0.0
47,38.13026354626693,-26.680714921303245,0.0
48,34.75539188071642,-27.160826908079624,0.0
49,37.62950907400756,-27.02258587850806,0.0
50,38.07628588475884,-25.636507311536864,0.0
51,37.27239542464545,-27.728479137184504,0.0
52,37.01226937372596,-29.022663237795133,0.0
53,38.38157534755604,-28.419395273556347,0.0
54,38.43697534079929,-25.706753709376294,0.0
55,38.585046363049116,-26.485781403696368,0.0
56,40.00951576912623,-26.967908218326766,0.0
57,38.84442052019582,-28.164179153907313,0.0
58,37.56231709876253,-27.656800777995176,0.0
59,37.928850449304484,-27.76640594952272,0.0
60,35.85349998138203,-27.931234444749677,0.0
61,36.8336512801071,-27.794882360374515,0.0
62,38.77333513455854,-27.18315495377033,0.0
63,38.136684540695576,-28.768892135504938,0.0
64,37.58621666732249,-28.016349233579984,0.0
65,38.380657401485436,-28.129879783973713,0.0
66,38.52794690711995,-28.037492869777978,0.0
67,39.88691516301804,-27.120676273420976,0.0
68,37.02901934831032,-26.498671422175388,0.0
69,38.5825228294334,-27.73561153607081,0.0
70,37.22801381022998,-26.21708206667975,0.0
71,37.25998838835303,-28.026467914352168,0.0
72,38.59487707296286,-29.72044124269211,0.0
73,35.89054880542105,-27.244414217905312,0.0
74,37.271290261050325,-27.425982160113353,0.0
75,38.96932859128859,-27.35711077948236,0.0
76,38.00099075380524,-28.354451250954487,0.0
77,40.35316659535046,-26.417407975313566,0.0
78,37.11489049703477,-27.800575593370738,0.0
79,37.727090548941234,-26.899003234885093,0.0
80,36.65174851403763,-25.980051600911096,0.0
81,37.037487449823466,-27.678803008848288,0.0
82,37.934955990378775,-28.117120956097537,0.0
83,36.12741348132306,-26.924011806094448,0.0
84,37.17725899717064,-25.999594294492784,0.0
85,38.636559200872206,-28.40315391005989,0.0
86,38.38295740112971,-27.345509945867494,0.0
87,37.13979625361765,-29.54921420214618,0.0
88,37.928425004566236,-26.97697640628041,0.0
89,37.15635265816762,-27.004853932646757,0.0
90,37.14438466702902,-29.08859883397948,0.0
91,37.68214250277497,-27.234667499126576,0.0
92,37.83298142270742,-27.908335909562133,0.0
93,38.42853730810921,-27.26436008427492,0.0
94,37.10593710697743,-27.37968525778281,0.0
95,37.57496188535846,-27.39565702674634,0.0
96,37.52092692993258,-26.046232625970884,0.0
97,39.57040244961149,-26.578720594509413,0.0
98,39.70129686851915,-27.073560668229785,0.0
99,37.511898875360075,-25.38030146648309,0.0
100,39.075271300388984,-29.861287536221788,0.0
101,36.866280102716786,-27.97287844219231,0.0
102,38.715997393489026,-27.30591778078627,0.0
103,38.7266072010412,-26.744231489233776,0.0
104,38.32431613952973,-25.290319755639615,0.0
105,38.51840707736385,-27.962683969877645,0.0
106,35.786374620114486,-27.646410314310486,0.0
107,37.540502686312486,-26.710237457559657,0.0
108,37.42170221899688,-29.739913170842332,0.0
109,36.618388925000914,-27.160684044057344,0.0
110,37.86722066381934,-26.36885322104916,0.0
111,38.9924241204655,-26.82859905686956,0.0
112,37.49313798289571,-26.765531731389,0.0
113,38.346046441255076,-28.086541665115284,0.0
114,37.27780755195478,-27.035919394832696,0.0
115,40.00475035898491,-26.071327931965104,0.0
116,37.787693409943046,-28.161357625593023,0.0
117,38.28553597356241,-28.252684569511242,0.0
118,37.77293123121116,-27.905605468806144,0.0
119,38.62949062064409,-27.933260661494245,0.0
120,38.951788044159635,-30.456580858562027,0.0
121,37.8060426889316,-28.013036377240056,0.0
122,36.99886276768227,-28.65120878947904,0.0
123,37.65635381497657,-26.78517107261768,0.0
124,38.46964786984694,-27.567805151347592,0.0
125,38.87510700269735,-28.61241558072673,0.0
126,39.77990949214456,-29.9607595970748,0.0
127,39.43969898786191,-26.765139673745786,0.0
128,39.47686094934245,-28.74159071495978,0.0
129,39.1409743722742,-28.0121098914819,0.0
130,37.513240955362626,-27.663677979647712,0.0
131,37.9304410831425,-28.54489344780408,0.0
132,36.73868378721393,-26.66714285107409,0.0
133,38.48006917816044,-28.279482920919627,0.0
134,38.551363194543455,-27.542901327616242,0.0
135,38.51435308814696,-26.71691208040951,0.0
136,37.093167476353436,-26.392367064329438,0.0
137,38.63597500394638,-26.885447753078154,0.0
138,37.489883807824995,-27.704579873212072,0.0
139,37.70506927190835,-27.788701024679423,0.0
140,37.26185989997467,-26.40780420718996,0.0
141,38.39447197700415,-28.444565304158527,0.0
142,37.75008644239614,-26.803681684504664,0.0
143,38.6373057729947,-28.900298441613877,0.0
144,40.060132155118694,-26.355758414460336,0.0
145,36.26679620816517,-28.121974632941654,0.0
146,38.947089845009394,-28.293551935229594,0.0
147,39.23671455443109,-27.115117658516947,0.0
148,37.21418201888132,-27.54435372466976,0.0
149,36.52140540243494,-27.422055545853606,0.0
150,37.333616033133296,-28.669685085069702,0.0
151,38.714546117816234,-28.84637057033664,0.0
152,38.38415308372102,-27.65591746251287,0.0
153,36.417928131009035,-29.322781951254616,0.0
154,38.562129652609684,-27.364775935581545,0.0
155,37.955872067803256,-28.479494218825213,0.0
156,37.252421162275475,-27.326472648234645,0.0
157,38.302254756727194,-27.585745314661555,0.0
158,38.70373635484206,-29.085134028044823,0.0
159,37.4756589096348,-28.266961011386243,0.0
160,38.208148630364995,-27.42093052455028,0.0
161,39.30989704548151,-28.054798396821663,0.0
162,40.359134925068325,-28.662575689686804,0.0
163,37.96978302456991,-28.058434273272855,0.0
164,35.7307740845658,-28.8145681907213,0.0
165,38.78358137152298,-27.00111176412141,0.0
166,38.867221544428396,-27.68270296357094,0.0
167,38.50329370024149,-27.850133802351497,0.0
168,38.6907521117245,-26.979025572606336,0.0
169,35.30932277489289,-28.415607045513813,0.0
170,35.523511041183646,-28.609504630483432,0.0
171,37.86712540509582,-28.512202409924686,0.0
172,39.5403646484582,-28.50472544059589,0.0
173,39.254938936906505,-28.331088993160577,0.0
174,36.21127232384046,-28.759712354242993,0.0
175,36.68258459754054,-28.570497871113286,0.0
176,36.88050130205843,-26.50510992524441,0.0
177,38.08856772198419,-26.660787597532966,0.0
178,37.148492663441864,-28.90329489035753,0.0
179,38.49347622707391,-26.26368137816397,0.0
180,37.461039127758255,-29.1671796173017,0.0
181,35.90904752172965,-26.805102775457957,0.0
182,39.71034327043151,-28.34767269762092,0.0
183,38.86893390683009,-27.746645623458285,0.0
184,37.29890057699388,-28.755172967530914,0.0
185,37.31129181635511,-28.250377758897017,0.0
186,35.587943821173454,-28.206867473630222,0.0
187,38.36435385230155,-28.464528065168647,0.0
188,38.54456752549098,-27.21547244873178,0.0
189,39.74897299818447,-28.041031610767988,0.0
190,37.367963904692466,-28.162634326820545,0.0
191,37.32211700522638,-28.293779533322542,0.0
192,38.492087281482995,-27.467178905583598,0.0
193,37.93397610764398,-28.793008431418407,0.0
194,37.80614386449108,-26.79879330126473,0.0
195,38.31099278862884,-26.59061997736048,0.0
196,38.0055689509018,-26.619709933463596,0.0
197,39.96892573464886,-28.642966719393893,0.0
198,38.103749448063866,-27.87288963749876,0.0
199,37.1765344427839,-28.30475322349244,0.0
200,23.300962117593574,21.740572552674504,1.0
201,23.733403387345394,21.655882349570916,1.0
202,24.41904713348033,21.537001814308525,1.0
203,24.677265412963223,22.711289476351116,1.0
204,26.519261224633063,21.262963757126123,1.0
205,23.656598305673317,21.84358079632443,1.0
206,22.5875925352203,23.211325578393822,1.0
207,25.74771272725483,22.865090525076052,1.0
208,24.217853781350172,21.05470364279011,1.0
209,25.509877312836398,24.743616355171362,1.0
210,24.11352571514316,21.56361559503024,1.0
211,22.549344336710185,22.437160487350862,1.0
212,23.985102411179703,22.457867954069812,1.0
213,24.17982042847488,19.98052295675737,1.0
214,22.681471016303963,21.71708042215229,1.0
215,23.824954957442984,21.153179383032246,1.0
216,25.493682160646866,23.50728376040641,1.0
217,24.439375035647664,22.824257593850607,1.0
218,25.753731508283042,21.155125303834435,1.0
219,24.481912477069084,21.097115692891265,1.0
220,21.325095421180926,22.197449599789657,1.0
221,22.70050600714712,21.89441976687105,1.0
222,24.704139043586895,21.534002811541047,1.0
223,24.460272560175554,21.46221978406617,1.0
224,25.495789639369235,21.42903210725082,1.0
225,23.858276135386774,23.527873116495385,1.0
226,24.220327660822267,22.58416736055888,1.0
227,24.44980410785876,21.075216749205623,1.0
228,25.562765352766842,20.904051180299838,1.0
229,23.309528694244495,21.83909998917144,1.0
230,24.395063276730333,22.54678086554147,1.0
231,25.04033355061585,21.85371180839289,1.0
232,25.81452419813061,23.37517576676696,1.0
233,26.45897213758145,24.055957559372843,1.0
234,23.475388302352478,22.926638133918264,1.0
235,24.6763202104851,23.069592477400228,1.0
236,24.093868283792947,22.693186096522545,1.0
237,24.67284874875302,22.75656512454757,1.0
238,23.252447832351155,21.941760003950034,1.0
239,26.628372582166662,23.023050875087876,1.0
240,22.829309969388525,21.466832706110786,1.0
241,23.853922943699708,21.814011895396085,1.0
242,24.111170465039017,21.93268675016751,1.0
243,24.873139238786408,24.289613728472137,1.0
244,24.215204030591313,19.798009839498476,1.0
245,26.58141512905783,21.61885283362446,1.0
246,24.13375671151634,23.150948829015412,1.0
247,24.080933255056163,21.799943589412255,1.0
248,26.15178516258536,20.55854544215071,1.0
249,23.351011319609963,23.008432413200786,1.0
250,25.13108291631089,22.347857839068812,1.0
251,24.216561076794466,22.192679430640386,1.0
252,24.822475091913486,22.300212226092288,1.0
253,24.966118039719145,23.382606039834087,1.0
254,23.45517160450957,21.778446320175952,1.0
255,23.564170820887284,22.618731181948313,1.0
256,24.34205372229688,21.622390065323575,1.0
257,22.169220866785935,21.919012501268572,1.0
258,24.643202655571983,24.536370277900016,1.0
259,24.456166326400908,21.669224083844806,1.0
260,23.751835777757204,19.711437748424075,1.0
261,23.601787105208558,20.962352943046948,1.0
262,24.186887293722275,21.50200297391402,1.0
263,25.000134001730792,23.414232507859307,1.0
264,24.840615648500666,21.584837887288607,1.0
265,24.918228878634704,20.87602856050773,1.0
266,24.78407225105462,21.204834508005177,1.0
267,24.00456160488046,22.74037905526209,1.0
268,23.83623768634787,23.864825528375604,1.0
269,23.504810101455945,21.318470889650243,1.0
270,22.828110414771167,22.102937639030394,1.0
271,25.85199135505657,21.558836891954673,1.0
272,25.35616126999264,21.383636327152573,1.0
273,25.66543524443287,22.040130309120514,1.0
274,23.345283974776205,21.948578014861702,1.0
275,23.467737170084035,23.35542017355671,1.0
276,25.73201763536669,22.141642367644632,1.0
277,24.980641718150537,23.480857018486645,1.0
278,24.210087689792708,21.926231293658333,1.0
279,22.452999735746292,22.856238744742015,1.0
280,22.919056922326032,23.01506550346264,1.0
281,23.980483936852504,22.64052658797999,1.0
282,24.064446969775386,22.1412120052985,1.0
283,25.047672218503422,21.386248313249187,1.0
284,22.23144507379197,20.373036785732154,1.0
285,23.01112987300235,21.76080851460797,1.0
286,25.010349769444765,24.877711369146883,1.0
287,24.153547372460444,22.770496517836538,1.0
288,23.723734569982966,23.701057280726253,1.0
289,21.59275283686532,20.861243914221987,1.0
290,23.574849511863537,23.582717189698084,1.0
291,25.219093603368286,22.546391409508118,1.0
292,24.72966301596344,22.845478619676168,1.0
293,24.121854265080565,22.94735317658376,1.0
294,24.371254060080478,22.02498047423385,1.0
295,24.36898778733433,21.490318456913585,1.0
296,25.141715129704057,23.623315762323866,1.0
297,24.316509407298916,22.748636026560302,1.0
298,25.059793715205394,22.17498971607951,1.0
299,23.559731181302112,22.315801830827148,1.0
300,22.135776757283793,23.55875226760881,1.0
301,24.82432265085283,22.699170021305147,1.0
302,22.953606275247292,22.293289795433022,1.0
303,25.23681925845668,21.582490014563337,1.0
304,23.120174124640158,22.154441103513374,1.0
305,23.2670150000007,23.85965014376682,1.0
306,26.00281686449833,23.0471159613358,1.0
307,23.069748613655754,22.3221195209619,1.0
308,25.956223635822436,21.067817224212078,1.0
309,24.66748400325189,21.089063422702488,1.0
310,24.429341449355743,20.800001148732786,1.0
311,24.255571691933557,22.95490254224023,1.0
312,22.788747395638065,21.53235114863327,1.0
313,24.69857261422825,22.4327568068455,1.0
314,24.256003501295584,21.69413185378874,1.0
315,24.895931994592488,21.098818060047666,1.0
316,23.969228914813066,24.74795790649678,1.0
317,24.28049982645739,21.876365425796475,1.0
318,24.825805671351365,22.362433341734214,1.0
319,23.409255669881897,22.81405633048383,1.0
320,23.023277943915158,20.895558083754892,1.0
321,23.397621070470436,22.27453011039698,1.0
322,24.88587725409135,20.80159731260163,1.0
323,24.09795739989804,20.41745550023065,1.0
324,24.4054619819848,21.959954628141784,1.0
325,23.367612543868916,20.987454684981582,1.0
326,26.870281585056038,21.95055122134244,1.0
327,23.773900069708034,22.579882026924974,1.0
328,26.22474286017904,22.065867848169365,1.0
329,23.04564771439596,23.478647837602423,1.0
330,24.955057582893673,21.304883576801636,1.0
331,25.231062041081604,22.47769576976757,1.0
332,24.242741706946646,20.534293889621527,1.0
333,25.082295341360382,21.83538881221306,1.0
334,24.429302091137963,22.836413308875876,1.0
335,23.735715597606976,21.279491623035728,1.0
336,23.421070431283617,22.951455406207568,1.0
337,24.747643861941096,21.564013786408136,1.0
338,23.15610877135313,21.867140960733774,1.0
339,23.696599550072026,22.052052446647885,1.0
340,23.72685172190957,22.440175631189405,1.0
341,24.661425602440506,22.597716701448622,1.0
342,23.513664630039226,22.76627179748125,1.0
343,24.283866262927464,23.368411936453136,1.0
344,23.51089705722778,23.39221896898214,1.0
345,24.718189541267428,20.447307068244434,1.0
346,24.734082615993003,22.711316340461618,1.0
347,25.330080083935215,23.305057261499545,1.0
348,24.974118923762813,23.938662366244753,1.0
349,23.144242955747565,22.413713945587162,1.0
350,25.385925276989035,20.49709306039724,1.0
351,24.243959121039076,21.462381884026513,1.0
352,25.229349561622573,22.297885112770157,1.0
353,24.44714508481446,20.738806771116455,1.0
354,23.844721976721623,22.160398197746296,1.0
355,24.876224555519897,22.15028963516562,1.0
356,22.821625488312105,23.74430036598226,1.0
357,25.70235648606983,22.410794918496055,1.0
358,24.682725890107477,21.318024586097955,1.0
359,22.987570651074357,21.346958611249274,1.0
360,24.0361359694956,23.576106739079805,1.0
361,25.184353981273762,22.570469024224078,1.0
362,23.648516518740507,21.376576367128692,1.0
363,22.967586341236775,20.693514134559504,1.0
364,22.33498789520669,22.005419052612122,1.0
365,25.054878972144305,22.72319783731665,1.0
366,22.957996954572277,21.264373317494478,1.0
367,24.85965163410071,23.87930611850444,1.0
368,23.73023190033702,22.724939054203915,1.0
369,25.302321343089133,22.32821968778441,1.0
370,24.54187383916407,20.700321729358727,1.0
371,24.05800135458701,21.83499899544311,1.0
372,24.000630822245544,21.79560630176702,1.0
373,24.54582968017556,22.102246924789174,1.0
374,24.101100038608365,23.899875931478267,1.0
375,24.065216361725682,21.699876419631163,1.0
376,23.2736799055143,20.218045275380256,1.0
377,23.87197923948336,22.248413010004786,1.0
378,25.180393780492373,22.33176721346862,1.0
379,24.242506187833666,22.1513496546382,1.0
380,24.1374050243455,21.284687380287796,1.0
381,23.209130667277464,20.844533546701328,1.0
382,26.106185022246486,21.881034050617885,1.0
383,23.11184790533844,21.869366630040226,1.0
384,23.485042904866926,23.134481411631857,1.0
385,21.95374053365084,21.236903234678504,1.0
386,25.2486970012825,21.378935407478963,1.0
387,24.61396916257783,22.129595245779438,1.0
388,24.688861797673056,20.955071505192837,1.0
389,25.15280210206888,22.346163991215317,1.0
390,23.76033945666504,20.985502937606725,1.0
391,25.663927852672384,23.36504456978664,1.0
392,22.67310843339282,23.06203784946069,1.0
393,24.38995487132257,21.95615576339309,1.0
394,26.41197365542599,20.797293278125565,1.0
395,24.223472536773706,20.743919450489916,1.0
396,24.646688176386018,20.643341841052397,1.0
397,23.042068088692574,21.608813852494983,1.0
398,24.520380221798238,22.27833082830344,1.0
399,24.515843726114525,20.936516092571708,1.0
400,-31.551266016660712,14.764314257828955,2.0
401,-32.785260480804986,16.357514744433615,2.0
402,-31.990268460626858,11.88730130909508,2.0
403,-31.935424369204906,13.32760642070002,2.0
404,-30.459469361859973,14.81048113298862,2.0
405,-30.354100439855767,14.089675506273563,2.0
406,-31.97037916910313,13.952845925381341,2.0
407,-32.40560104373924,15.218451401408995,2.0
408,-31.566460754507382,14.80452261201666,2.0
409,-30.154875596163375,14.601237685138289,2.0
410,-31.64334807570422,14.905877167042597,2.0
411,-30.17399409887845,14.917063081497188,2.0
412,-33.71721272067198,16.59768161055645,2.0
413,-30.590875516245678,13.915302565546533,2.0
414,-31.307744053057753,13.1593816016032,2.0
415,-32.31272915211234,14.644956527094484,2.0
416,-31.69087790792764,16.797583570552728,2.0
417,-32.15659026134947,15.172887948950313,2.0
418,-31.983508437238566,14.732825004133744,2.0
419,-32.19784619958206,15.823653491316207,2.0
420,-30.95267691250912,13.796073618634741,2.0
421,-32.42542226864284,14.43796233439953,2.0
422,-31.045927508387965,16.033243974040268,2.0
423,-33.030879625116846,15.06104078284733,2.0
424,-32.897281105206595,14.304699511944188,2.0
425,-32.07742608106796,14.621626556366037,2.0
426,-31.811128595723698,15.214171299135987,2.0
427,-32.74710127042614,14.630808416739399,2.0
428,-31.027613323747556,15.417409431340122,2.0
429,-31.737876494039416,14.899611383844874,2.0
430,-31.19832241181389,14.495213279244808,2.0
431,-31.573098805734528,16.038115521980142,2.0
432,-30.352889519116772,13.60609376946604,2.0
433,-32.647316960306654,14.627333830453889,2.0
434,-31.915650732839683,15.222190708883959,2.0
435,-31.085594160933137,15.907083653558312,2.0
436,-31.600857092527754,14.161641847074687,2.0
437,-32.47255292525447,14.445965240399916,2.0
438,-29.801954044493733,13.150015596024494,2.0
439,-31.30717475943017,13.85606469822762,2.0
440,-31.19220249067392,13.177218203742614,2.0
441,-31.789567109267125,14.648545319214529,2.0
442,-32.557864513076844,16.191552574814104,2.0
443,-31.10473658074,17.14271024240653,2.0
444,-30.81187715901637,15.040869643286701,2.0
445,-31.83627145907152,15.781461109191115,2.0
446,-33.189751544240366,14.836696416613593,2.0
447,-32.17942137656014,14.86099382083295,2.0
448,-31.995476800232815,14.667657752400265,2.0
449,-30.86051680249212,15.7168305124106,2.0
450,-30.941617449598947,13.044638634347901,2.0
451,-32.67560741509121,14.361304229607857,2.0
452,-32.60294396617521,14.04370934583985,2.0
453,-32.843663780897614,13.748353724297317,2.0
454,-31.822114123379585,15.82846797431275,2.0
455,-30.33655233114309,14.913568651727543,2.0
456,-31.19082247700508,14.569087589161338,2.0
457,-32.79797041196983,13.017135176053497,2.0
458,-30.581335844600602,16.055455900497904,2.0
459,-31.17366336839042,15.995668172303859,2.0
460,-29.692983267729588,14.525610993768186,2.0
461,-32.969341475842974,14.809235854265339,2.0
462,-31.520804306337944,15.06962044249973,2.0
463,-31.75575724525509,15.849319719919517,2.0
464,-31.7054343394127,14.212967316961414,2.0
465,-32.033664187031775,15.215790258772941,2.0
466,-33.74968695911244,14.331363909854907,2.0
467,-31.972398462274214,14.5991538995398,2.0
468,-31.37874379955782,15.34759786553376,2.0
469,-32.755702239390104,16.03653368564908,2.0
470,-30.86999209796324,15.402004942774154,2.0
471,-32.378965552705296,14.56784384914812,2.0
472,-32.37191291243396,12.95400876926939,2.0
473,-31.408293429668376,16.005717842433675,2.0
474,-33.164957958536405,15.594590499516821,2.0
475,-30.630632543504067,12.932774198122704,2.0
476,-31.04729276355477,14.232393442844732,2.0
477,-31.522857993165683,15.13943190350692,2.0
478,-31.36572224305721,14.571432075147111,2.0
479,-32.26126624840532,14.775456313312446,2.0
480,-31.11052491884801,16.835230326914573,2.0
481,-31.76951199921531,15.551345545198304,2.0
482,-32.36959085002159,15.656857687043521,2.0
483,-31.483937068237143,14.335217947164107,2.0
484,-32.433437674202814,15.010988406350453,2.0
485,-30.65563582824528,16.185658336731926,2.0
486,-29.54435071498334,15.027209677574904,2.0
487,-31.261396874762443,14.410912555330519,2.0
488,-30.910456390527123,15.524920426371928,2.0
489,-32.1998163943574,15.756892880754295,2.0
490,-31.132194072120807,14.448873301640294,2.0
491,-31.188538161423324,14.472769760898453,2.0
492,-31.249842541277587,17.11618831414537,2.0
493,-33.73224628546544,13.260977626033723,2.0
494,-33.13437202030009,14.709401204763154,2.0
495,-32.32661367797726,15.105168650463373,2.0
496,-31.895228791265886,14.039089968863763,2.0
497,-32.87645318292091,14.561868636079174,2.0
498,-33.4440416785091,14.564443072335317,2.0
499,-31.394856242843563,15.563201568743207,2.0
500,-32.140827979037944,13.422335007929304,2.0
501,-33.626674605857175,14.344862438759382,2.0
502,-32.680867061781,13.617070174014932,2.0
503,-33.99298624279738,15.416564338512764,2.0
504,-32.9616088348821,15.8786523558713,2.0
505,-31.876264690835722,14.526164414648628,2.0
506,-32.69906419977111,14.096937349743335,2.0
507,-32.53219757685073,15.48263561641201,2.0
508,-31.407177070116653,14.269277506328713,2.0
509,-31.96547867118274,14.845121064908994,2.0
510,-31.02720934124382,14.511507894794743,2.0
511,-30.175244520649954,14.896795770707483,2.0
512,-32.75513678665212,14.546901386549695,2.0
513,-30.716679917917155,15.067074115868081,2.0
514,-30.18045563826708,13.888274136736161,2.0
515,-31.476377231445223,15.23787866141626,2.0
516,-32.366436726512546,11.678542684156136,2.0
517,-32.32422718835205,15.889251348848024,2.0
518,-32.35266615118689,14.55366640681225,2.0
519,-32.817519241366135,13.910600137665133,2.0
520,-30.67672676152068,13.79309094698796,2.0
521,-31.71447748278636,16.085482400595566,2.0
522,-31.031515057544215,16.87145582405471,2.0
523,-33.12425357968294,16.123094465983407,2.0
524,-32.48852939861541,15.859094228756964,2.0
525,-30.35753270743194,16.68077849831423,2.0
526,-32.484765713790075,16.586986279648908,2.0
527,-32.33456311777852,14.784718655989789,2.0
528,-33.003746097082995,15.052638588541463,2.0
529,-31.182223496415485,15.788645483033994,2.0
530,-32.63760239808527,15.960994780047992,2.0
531,-31.14662732612964,15.904366139280302,2.0
532,-31.434227574596456,15.086624637083858,2.0
533,-31.436763643949348,14.553738556583252,2.0
534,-32.385814111400585,14.577461833621308,2.0
535,-32.10861626421204,14.283850131868853,2.0
536,-32.06820477077014,11.83679738306143,2.0
537,-29.988313571253837,14.14021338312486,2.0
538,-31.540021156415424,14.285567460242717,2.0
539,-32.593228119687375,13.726428495973186,2.0
540,-31.496283547466412,13.784092192318353,2.0
541,-30.8143136516188,14.85827633409056,2.0
542,-31.794574992137488,16.072158493043823,2.0
543,-33.916497869488545,14.776061381685716,2.0
544,-31.333115261929386,13.762938628643603,2.0
545,-31.23437613839968,15.46648516459416,2.0
546,-31.50463635819085,15.14282376799101,2.0
547,-30.145940510661596,14.580846191455787,2.0
548,-30.51096074790523,13.932547750443375,2.0
549,-30.211068731281923,15.958490037023928,2.0
550,-30.68646916694591,15.693959244460306,2.0
551,-30.77954235703521,15.82132035700791,2.0
552,-32.04659444723472,15.184796966597094,2.0
553,-32.48659556729061,13.680329492818021,2.0
554,-31.970140242120486,15.879252693659826,2.0
555,-32.201745121502405,15.376330126059244,2.0
556,-32.76300260193502,14.122244422589779,2.0
557,-30.633006942594335,17.18107938386093,2.0
558,-32.9351427908386,14.930639085845284,2.0
559,-32.111768710155495,14.359132125867738,2.0
560,-32.310636495810854,15.761976794754585,2.0
561,-30.99968584839335,15.6450136704165,2.0
562,-30.450080376857738,16.349884360969707,2.0
563,-32.365159322530445,16.51318281753558,2.0
564,-30.556225907531616,14.202828162481937,2.0
565,-31.862726287949112,13.91980639475693,2.0
566,-30.762919799355835,15.350376607184462,2.0
567,-31.50320396641378,15.369002254448562,2.0
568,-30.766854587592363,14.830287286185555,2.0
569,-32.68355210040632,15.393516247386815,2.0
570,-30.71519070659513,15.017203485563066,2.0
571,-31.2142920940289,15.898939636093436,2.0
572,-31.951757155003794,16.515659378299215,2.0
573,-32.84379902676047,15.76608972351257,2.0
574,-30.80273923423155,13.765787914513748,2.0
575,-31.105287903786007,15.607970825840955,2.0
576,-30.919950631244582,13.700572677942652,2.0
577,-30.716163616673242,13.691200172982528,2.0
578,-29.867815847040102,15.98075372901066,2.0
579,-32.2366088693807,14.974299616029864,2.0
580,-32.612331506622134,13.080378803968141,2.0
581,-30.13450619991903,14.49722481133141,2.0
582,-30.860512917364634,14.379310581027575,2.0
583,-32.53757226347977,16.90632705241569,2.0
584,-31.252396353989926,14.334888591341612,2.0
585,-30.98234237036105,13.05583600253824,2.0
586,-31.052264275833863,14.189586516535735,2.0
587,-31.09771433999377,14.783974525138618,2.0
588,-34.15236106192616,14.753474725374115,2.0
589,-29.57353452362095,13.56358953951571,2.0
590,-31.24349477519683,15.111206828077986,2.0
591,-31.038665983350246,15.050929355531567,2.0
592,-30.279093263692744,13.955116304859699,2.0
593,-31.735516470690833,13.084744283892853,2.0
594,-30.276494054898922,16.304754729703625,2.0
595,-31.480322359720716,15.153572877096952,2.0
596,-31.780323392069924,15.214748729648749,2.0
597,-31.071770938269275,15.043006337588842,2.0
598,-31.49262987031074,14.573037747900441,2.0
599,-32.49483612832169,13.501641377498252,2.0
600,10.169568462994828,44.32115802715265,3.0
601,10.17744979421028,45.87671385900668,3.0
602,11.929557129398423,46.39553941055494,3.0
603,9.307316818095956,47.5721474957661,3.0
604,9.546916817843691,46.1571213525298,3.0
605,9.347360713409218,45.43501773999869,3.0
606,11.282260045838042,47.15665887033261,3.0
607,9.45187258526433,47.15052401235035,3.0
608,11.22454976582133,44.81591048158125,3.0
609,11.198980399736017,45.99876089508471,3.0
610,9.627736177680967,45.04172006436192,3.0
611,10.335485581554233,47.34904014714844,3.0
612,11.664212469889433,45.223128278596555,3.0
613,11.019401640344482,44.90516103527851,3.0
614,11.108987111625952,48.233231615142,3.0
615,10.577175577943384,46.89622037894964,3.0
616,9.558637099232357,45.24138337582259,3.0
617,12.11469747158666,45.08263631273846,3.0
618,10.626943584581097,45.875065413115315,3.0
619,11.448634117631416,46.19835501477772,3.0
620,11.124902779410546,47.64870211708616,3.0
621,10.73070820841526,47.373816999362205,3.0
622,10.394478810444104,44.686150815319195,3.0
623,10.825853653849661,45.31831631163984,3.0
624,9.929105593845117,45.96196015086765,3.0
625,10.352810921649253,45.10137806785974,3.0
626,8.521094373377501,45.64685774061826,3.0
627,10.406069717239758,45.37999907971946,3.0
628,10.127632754319082,46.77334071474193,3.0
629,9.801137581046408,45.60561175244685,3.0
630,9.99251554105361,45.08302220217042,3.0
631,11.584612971942574,45.82655734622789,3.0
632,9.922529155040163,46.20414842163005,3.0
633,8.915317159130392,46.239127476413756,3.0
634,11.444435094328988,45.258776146213954,3.0
635,10.62320034902016,48.854824356213285,3.0
636,11.123053121058373,44.363241357164384,3.0
637,12.232920159479773,43.931121754967975,3.0
638,10.63043564297012,45.906450073237345,3.0
639,10.568223214399678,47.623145450225955,3.0
640,11.317580665254493,47.03968629810263,3.0
641,10.739972670239084,46.090526528258415,3.0
642,9.517020926397583,43.66662825058017,3.0
643,10.278055662761032,44.81678956256244,3.0
644,10.175300265503504,45.54862061880912,3.0
645,9.391836483807118,47.09674971030892,3.0
646,12.291491124792472,46.407228657549,3.0
647,10.304332776730744,46.45251135133779,3.0
648,10.763794633376975,44.67467674381376,3.0
649,10.93194216828931,45.71062493529586,3.0
650,10.640913862968231,46.50755141885119,3.0
651,10.276075147374003,45.99420588175131,3.0
652,10.514666562841988,45.35774019464586,3.0
653,8.701721718384553,45.307854209774526,3.0
654,10.950965893064872,44.31802743640464,3.0
655,10.502276141355772,45.697717718962465,3.0
656,10.521376449483325,46.33757034727597,3.0
657,10.602497074747937,46.78921229443281,3.0
658,10.075821164818253,46.050668437708346,3.0
659,11.30364292171456,45.8841464260636,3.0
660,10.99644831358489,47.61946439668837,3.0
661,9.270596217977243,45.408585648873625,3.0
662,9.621964767152008,45.76594628982991,3.0
663,10.723068346360634,47.478253188557034,3.0
664,10.532513057443163,45.786046451420034,3.0
665,8.499604877228899,46.56409050689089,3.0
666,10.304423189366586,46.88372307139095,3.0
667,11.48533961619214,46.305809349722615,3.0
668,10.826591625476059,45.89054628933501,3.0
669,11.309730264710538,44.431460571083036,3.0
670,12.178944181961548,46.11856657862678,3.0
671,12.313333219602605,48.11788169800162,3.0
672,11.1971662760949,45.10325549655766,3.0
673,11.191100933160566,45.825837119801164,3.0
674,12.484602756653825,46.77719259099923,3.0
675,10.941628417258606,45.853532737646404,3.0
676,12.079112877590962,45.97489108217076,3.0
677,9.41414055506203,46.16596105033071,3.0
678,8.073935048268845,46.49732169904559,3.0
679,10.83452982034859,46.057675689054044,3.0
680,8.364115160255398,46.246567658020524,3.0
681,10.212363640066858,46.3903279085511,3.0
682,10.5984039768079,44.76738341102963,3.0
683,9.158395038396502,47.708254368058924,3.0
684,10.862032664045222,44.83778476270667,3.0
685,10.286874368058388,47.60644808727189,3.0
686,9.418390323461118,45.21637383045269,3.0
687,11.341048993001863,47.09928916483865,3.0
688,9.67452987225599,46.60584865160652,3.0
689,10.811551344956989,46.25284597655984,3.0
690,11.799554605605303,46.0952201787469,3.0
691,10.99199272410123,45.03073405526033,3.0
692,10.115342600209583,45.613291543702864,3.0
693,9.711567151106149,47.99483067404952,3.0
694,9.865487736918366,46.527546053271436,3.0
695,9.146022868806089,46.20601757233183,3.0
696,10.388814385856591,45.72771618759441,3.0
697,9.7014327823131,45.09124754897482,3.0
698,11.285081329533636,45.626232885431385,3.0
699,10.073097414965284,46.38069738222523,3.0
700,10.800168663558647,47.751793734131425,3.0
701,10.191169717774734,46.711745860077095,3.0
702,10.86186981277379,46.274325726864404,3.0
703,9.950686424415416,46.90648904338494,3.0
704,11.800947021331405,46.71970800615977,3.0
705,11.389905387186536,45.99055301639235,3.0
706,10.11488143689512,44.65525441459079,3.0
707,12.156604435527091,47.33790183423117,3.0
708,9.368978810620202,47.60081554371511,3.0
709,8.812718118425096,44.09606849434005,3.0
710,10.102199815894513,45.818328303566624,3.0
711,10.789544377725868,45.66262746251697,3.0
712,9.107594881175352,45.28448063188959,3.0
713,10.875299638881584,45.59155387007803,3.0
714,11.109820899795464,48.313141847204996,3.0
715,10.896503947814658,46.48412484004134,3.0
716,9.919610888172027,45.13733361348102,3.0
717,9.073533829444969,45.6760148326477,3.0
718,8.715933718942265,47.077991715955704,3.0
719,11.705829030141677,47.22654872172515,3.0
720,10.1539541865941,46.57214022123152,3.0
721,10.800535787939909,45.028706020620824,3.0
722,10.04859613579373,45.527755970962865,3.0
723,10.966730174684068,44.39973868797244,3.0
724,9.383085506537823,45.29875036760318,3.0
725,9.403748138683621,45.77714445335108,3.0
726,10.48169452749918,45.45414595359122,3.0
727,11.673692323587943,46.678683392886484,3.0
728,10.489060219679978,45.86320953536252,3.0
729,10.85211525820348,44.085550156719066,3.0
730,11.140461401136866,46.17745639914675,3.0
731,9.651035843356162,48.106926793831214,3.0
732,10.873499827488551,47.675297491442464,3.0
733,10.968455834956375,46.576280183357895,3.0
734,12.212740257378444,45.962306733850355,3.0
735,10.398499760833033,46.630184851390716,3.0
736,10.519574367766472,45.609669422418605,3.0
737,9.654165970173189,45.38389655991654,3.0
738,10.748616014455903,45.01906451114129,3.0
739,10.779934712406693,45.804583753844035,3.0
740,9.677222589407206,45.86684227648136,3.0
741,11.79908877989164,45.604347159228176,3.0
742,10.6397441530363,45.48738620696321,3.0
743,9.541187996162558,45.47341536382562,3.0
744,9.606576994604247,44.67843870644858,3.0
745,10.023145075249342,46.68217175705547,3.0
746,9.909620072045918,47.319402619382544,3.0
747,12.280020563121289,46.18996397001628,3.0
748,11.974145987264881,44.9313006962255,3.0
749,10.512929796655612,45.39275207712654,3.0
750,10.118082117835291,46.239499169026175,3.0
751,10.8223085772865,45.02559702933956,3.0
752,9.329194591825752,46.38176715367928,3.0
753,10.303005464070925,46.17844850210066,3.0
754,11.132694472210686,47.306171636300554,3.0
755,10.032828818518281,45.50994932739828,3.0
756,10.623964000655787,46.63521700894337,3.0
757,8.577971431510512,45.83803494378346,3.0
758,8.216205084588255,46.49509600091798,3.0
759,11.217618343943446,47.22548443729879,3.0
760,10.779932641882132,46.68497960108366,3.0
761,10.334768578783065,46.50552583851762,3.0
762,10.887209232446645,47.200774306173045,3.0
763,10.474699505258481,45.52543878896642,3.0
764,11.068800917648606,44.40176702164952,3.0
765,10.118477127684148,46.972245195703564,3.0
766,10.39368084676236,44.19750464381582,3.0
767,10.087585614107397,46.83259557179663,3.0
768,9.620621873340681,47.20519694039241,3.0
769,11.174003641230769,47.43154074176744,3.0
770,10.472063411304969,45.73020603292995,3.0
771,10.19921334628423,46.180754013708494,3.0
772,10.228184492875997,46.300115497598405,3.0
773,9.645987326627896,47.33122827471968,3.0
774,10.763107045787619,48.25319315350422,3.0
775,9.992930335600766,46.980221078549256,3.0
776,11.688444509191843,47.18536497336755,3.0
777,9.554290377317454,45.535003908266596,3.0
778,11.19525730556423,46.84669855960817,3.0
779,10.691212144453292,44.82948798753021,3.0
780,10.517170031174864,45.799312568522616,3.0
781,11.199142322609179,46.37601741361316,3.0
782,9.563496982009948,47.354027783705995,3.0
783,10.481025082843662,46.45304117389999,3.0
784,13.123234021718808,45.25342538432184,3.0
785,9.189154745886228,45.893078700884864,3.0
786,9.496472660456776,45.110386185250334,3.0
787,11.87161538894215,44.69243355356807,3.0
788,11.224891701313332,46.046754909179946,3.0
789,11.486289227073675,47.682887223085075,3.0
790,9.569997497551148,46.06791369848082,3.0
791,10.689121945957487,46.32723947358076,3.0
792,11.131194387495444,46.12183098395061,3.0
793,11.527357585263204,45.73588205618468,3.0
794,10.129871740254563,45.25236604885607,3.0
795,9.22050814522074,45.236526203918196,3.0
796,11.008642759412355,45.6922401224022,3.0
797,8.720791560125168,47.646420097314525,3.0
798,10.914966191183247,43.8304031783707,3.0
799,9.730792335443292,46.61188389891731,3.0
800,-29.858398396939087,-18.391836945406236,4.0
801,-31.662506083771113,-19.33213812268629,4.0
802,-31.15826260506926,-17.439416822923594,4.0
803,-30.155593604178378,-20.273839851997508,4.0
804,-29.480942032656383,-18.30036816326089,4.0
805,-29.39044427397433,-17.370844579685354,4.0
806,-31.18962666923992,-19.46284918318002,4.0
807,-31.323527692395594,-17.86737939553628,4.0
808,-32.20151284950506,-18.98677269314821,4.0
809,-30.84420789924351,-17.74201298368764,4.0
810,-31.745678536137433,-18.573276764590798,4.0
811,-29.94654058048328,-18.52431674408787,4.0
812,-30.604124211923978,-18.510000495268,4.0
813,-29.768172846829,-17.341021144549728,4.0
814,-30.338031545080707,-18.089281899921502,4.0
815,-30.838623036845334,-20.855270925002248,4.0
816,-29.95156561348229,-19.32741130029418,4.0
817,-29.889833571460006,-18.94023401710357,4.0
818,-30.82714574912749,-20.718215489130582,4.0
819,-29.27129160089844,-17.095830201912197,4.0
820,-31.905772503258536,-17.12221596638383,4.0
821,-30.415609175929195,-18.61824093465604,4.0
822,-30.802258651129712,-18.504125451405486,4.0
823,-29.128872053259826,-18.416910259588143,4.0
824,-31.225910386935055,-17.42010597945662,4.0
825,-32.435056710516236,-20.49167854543151,4.0
826,-31.39077941400098,-18.649428575847374,4.0
827,-31.936289915187423,-19.132259156434714,4.0
828,-28.96643575009885,-17.10452251409152,4.0
829,-29.14845409322224,-19.188543836889906,4.0
830,-31.008044477250102,-18.3887008803194,4.0
831,-28.766045033617942,-19.168772012033354,4.0
832,-30.640320527967344,-20.431303278587876,4.0
833,-30.10168489121231,-19.100178157549728,4.0
834,-29.773771118568323,-17.668939023079183,4.0
835,-28.259142832248745,-18.525245433099617,4.0
836,-29.45574729550226,-17.914093175554974,4.0
837,-31.55589591548607,-18.47192062555776,4.0
838,-30.55629773122599,-17.843645513264264,4.0
839,-30.40630788586275,-18.3789565352064,4.0
840,-30.444547798330923,-19.31081552673343,4.0
841,-29.96899983927788,-18.30838144726064,4.0
842,-29.601178233668406,-18.583345965717633,4.0
843,-30.723615171569346,-19.25922754168712,4.0
844,-30.633326210372758,-19.128841372834458,4.0
845,-28.973205223079958,-19.134079162194,4.0
846,-30.47399512061755,-18.536532241123087,4.0
847,-31.674631406752788,-18.15164707966309,4.0
848,-31.763721434435094,-18.092998686759042,4.0
849,-31.08223449372118,-18.01385463758251,4.0
850,-31.482579887623917,-19.22281093104298,4.0
851,-30.937365360913475,-18.504593000594628,4.0
852,-29.870665814017855,-18.040760046053748,4.0
853,-32.42469138575948,-17.112272125311847,4.0
854,-28.548962956010804,-19.901241428708712,4.0
855,-28.42066730970022,-17.799600594119184,4.0
856,-29.83242089019367,-18.800568408649937,4.0
857,-32.22234799681814,-18.587877116126283,4.0
858,-28.755955437081074,-18.100800981266058,4.0
859,-29.176811140745727,-20.632642362090184,4.0
860,-30.8931654057431,-16.372851984572915,4.0
861,-30.411106931320763,-17.249340126987953,4.0
862,-30.306220275251178,-15.82889718641646,4.0
863,-29.99612438870296,-19.060375265581918,4.0
864,-31.519239939173897,-19.201952899674467,4.0
865,-31.088401018970846,-17.562824993381636,4.0
866,-29.863748572445992,-18.78211738823222,4.0
867,-30.17463651232846,-18.04585621398458,4.0
868,-30.59316332343302,-17.44062632680932,4.0
869,-31.13257803740473,-19.29343687598356,4.0
870,-30.646723054351938,-17.691156723359576,4.0
871,-31.30155183450136,-16.45235897595545,4.0
872,-30.254755105061562,-19.576069836464903,4.0
873,-31.663938849016287,-17.78456400835146,4.0
874,-29.847578870360984,-17.499133928651442,4.0
875,-31.209693421999468,-17.88175952889122,4.0
876,-30.647844244833482,-17.535831919535767,4.0
877,-30.760795912334693,-17.27935333631888,4.0
878,-29.118703082634248,-17.670818482739165,4.0
879,-29.612624082338,-18.613621195387573,4.0
880,-31.653203826127513,-18.347092291500985,4.0
881,-30.86404051448696,-18.740250843566848,4.0
882,-32.39764570071103,-18.58702445204482,4.0
883,-30.286736126703364,-17.747890627764214,4.0
884,-31.907816508357172,-18.032448313029914,4.0
885,-30.859688784305494,-17.446310727394913,4.0
886,-31.558385526655282,-18.86076095296411,4.0
887,-31.408422772955912,-16.938750916274454,4.0
888,-27.978800578601415,-16.688937085890938,4.0
889,-30.82298415448366,-18.90887267484183,4.0
890,-32.754824289796915,-19.47026986520059,4.0
891,-31.27300714923756,-16.495794795696362,4.0
892,-30.27471590005011,-19.552048783439435,4.0
893,-31.551308514613076,-16.84277792785692,4.0
894,-29.316063783682072,-19.343825873058027,4.0
895,-30.339574412664568,-16.8269158516965,4.0
896,-30.643641380340316,-17.933322499257745,4.0
897,-30.63991796897985,-18.636631754300733,4.0
898,-32.493113397677924,-18.686625527098702,4.0
899,-30.172333748931933,-17.875023539086527,4.0
900,-29.259070467912746,-18.995832290344755,4.0
901,-31.59535376030829,-19.80808073721966,4.0
902,-30.350538715424616,-18.718942690924813,4.0
903,-30.140838717754008,-20.475848249124837,4.0
904,-30.105187096078886,-16.648631817450728,4.0
905,-31.99993744616799,-16.352066926462474,4.0
906,-27.794168161200304,-19.026078063190063,4.0
907,-30.824786658229346,-18.94173975249857,4.0
908,-30.78584258580587,-20.320735554819283,4.0
909,-31.09733108942657,-18.497603234047624,4.0
910,-30.423391303678414,-17.016767840439886,4.0
911,-30.309857372877165,-18.93112539315636,4.0
912,-30.66794320691296,-20.603558020534145,4.0
913,-30.98676645656668,-19.231284398134598,4.0
914,-30.935653624613963,-16.477328575273965,4.0
915,-28.568523705886903,-18.17717034151568,4.0
916,-31.288700585208716,-19.564522485876278,4.0
917,-31.157247977479347,-17.0974144125205,4.0
918,-28.897305922815214,-18.02383745596486,4.0
919,-29.889948627432798,-19.38121466132686,4.0
920,-31.261205115441957,-17.717196125241507,4.0
921,-29.622013014228884,-18.042423082382072,4.0
922,-31.153569373776424,-19.63404854707509,4.0
923,-28.841827873528455,-18.344337490008492,4.0
924,-31.293229922594065,-18.569108120516976,4.0
925,-29.5006283796192,-17.07487778050376,4.0
926,-31.733375831475957,-17.550110949071893,4.0
927,-31.600172455073807,-19.61357262538644,4.0
928,-30.19113299634325,-19.416929430293802,4.0
929,-30.050205153899064,-17.953606422115534,4.0
930,-30.612623371196076,-18.19188777819831,4.0
931,-30.110743333400798,-18.35717114451474,4.0
932,-29.82009497195128,-17.90038558278556,4.0
933,-30.792472892825227,-18.428085737584823,4.0
934,-32.6230590489865,-17.027200390824877,4.0
935,-29.621612124098455,-18.54813047000292,4.0
936,-30.793951314972183,-17.750196840220937,4.0
937,-32.15450358273241,-17.755592242609815,4.0
938,-30.95505304613433,-19.010520569221953,4.0
939,-30.470358990289256,-18.27290616410096,4.0
940,-30.68830667225956,-16.54701077501385,4.0
941,-30.776870826675015,-20.77411047313532,4.0
942,-30.58964813808564,-16.78916625258787,4.0
943,-29.897365893552376,-17.940268517783654,4.0
944,-30.671961894812817,-18.735166802995394,4.0
945,-31.336689642242813,-18.00178851438937,4.0
946,-29.984657218334334,-18.765849428269185,4.0
947,-29.776149470077726,-19.026758695290788,4.0
948,-31.653455024524938,-17.054481027321216,4.0
949,-30.915312636399154,-19.014535902908932,4.0
950,-30.29031529386259,-19.63924745969523,4.0
951,-30.087047289267062,-15.697616823977498,4.0
952,-30.41411594179162,-18.131095057704712,4.0
953,-30.076040041766618,-18.923225096547107,4.0
954,-30.97763900104205,-17.747848469376507,4.0
955,-30.285628546414454,-17.56490226925228,4.0
956,-30.161277535602885,-19.482624186179446,4.0
957,-31.610584305886483,-17.746264987969244,4.0
958,-31.459851949822934,-17.92347503150386,4.0
959,-28.81824189136489,-18.43237725909387,4.0
960,-31.280361727936185,-17.768239821286926,4.0
961,-31.07370843544142,-17.688044519102256,4.0
962,-31.486669495991208,-18.989582160222216,4.0
963,-30.197416141729615,-18.22155615280156,4.0
964,-30.36543367582438,-18.633779863379104,4.0
965,-30.058544092394435,-19.41141750750878,4.0
966,-30.624194536740628,-17.932254652404605,4.0
967,-29.283645741883525,-19.369544742113696,4.0
968,-26.73876667872935,-16.645854032969755,4.0
969,-31.695688584611787,-15.477947633902149,4.0
970,-28.291286180900553,-18.4720870044393,4.0
971,-30.63721931503718,-18.05996389062403,4.0
972,-30.764124090664573,-18.752552162150376,4.0
973,-29.93877750963963,-17.141627792662185,4.0
974,-30.155389641721182,-17.91723988455135,4.0
975,-31.418163518334435,-19.3592251232402,4.0
976,-31.0236015008899,-16.81942236630085,4.0
977,-30.52915208971713,-19.578063909647,4.0
978,-29.40347715409546,-18.231513775034294,4.0
979,-31.517401482839908,-19.177900609255417,4.0
980,-30.12658748976096,-18.22539508737709,4.0
981,-30.498921373333435,-19.26944825454749,4.0
982,-30.276105540943828,-19.685902098750805,4.0
983,-31.03604362901516,-17.548204203817228,4.0
984,-28.935619862510443,-18.87905336716047,4.0
985,-29.66800017818869,-19.62125398921631,4.0
986,-28.80517091557501,-17.231481803046787,4.0
987,-31.08666983251945,-18.529634770917554,4.0
988,-29.409302834933225,-19.26314535473395,4.0
989,-31.43690705528962,-18.627649592792697,4.0
990,-30.957551582165777,-17.61996014626423,4.0
991,-31.200150066005218,-17.762114838927925,4.0
992,-28.915565312317945,-18.855429063425603,4.0
993,-31.130513946183804,-18.550331107517344,4.0
994,-30.455395583379847,-18.77404703696882,4.0
995,-29.932697611179222,-19.053275094807713,4.0
996,-31.559814014261825,-18.342175016345518,4.0
997,-31.57363048157596,-18.50632533671261,4.0
998,-31.146435947415366,-17.623126808822335,4.0
999,-31.768017939227004,-16.583960023354777,4.0
